,id,pdId,region,address,floorMin,floorMax,objElemLivingCnt,objReady100PercDt,wallMaterialShortDesc,objLkFinishTypeDesc,objLkFreePlanDesc,objElemParkingCnt,objSquareLiving,rpdNum,rpdPdfLink,rpdIssueDttm,objLkLatitude,objLkLongitude,objCompensFundFlg,objProblemFlg,objLkClassDesc,loadDttm,photoRenderDTO,objGuarantyEscrowFlg,objectType,miniUrl,residentialBuildings,newBuildingId,objFloorCnt,objFlatCnt,objFlatSq,objNonlivElemCnt,objStatus,isAvailableWantLiveHere,objTransferPlanDt,objLivCeilingHeight,objInfrstrBicycleLaneFlg,objInfrstrPlaygrndCnt,objInfrstrSportGroundCnt,objInfrstrTrashAreaCnt,objInfrstrObjPrkngCnt,objInfrstrNotObjPrkngCnt,objInfrstrRampFlg,objInfrstrCurbLoweringFlg,objElevatorWheelchairCnt,objElevatorPassengerCnt,objElevatorCargoCnt,objElevatorCargoPassengerCnt,soldOutPerc,objPriceAvg,generalContractorNm,nonlivFirstFloor,objectTransportInfo,conclusion,objLkSaleDepEmail,objGreenHouseFlg,objEnergyEffShortDesc,infrastructureIndexValue,developer.devId,developer.devShortCleanNm,developer.devShortNm,developer.devFullCleanNm,developer.problObjCnt,developer.buildObjCnt,developer.comissObjCnt,developer.regRegionDesc,developer.devPhoneNum,developer.devSite,developer.devEmail,developer.devInn,developer.devOgrn,developer.devKpp,developer.devLegalAddr,developer.devFactAddr,developer.lastRpdId,developer.fundGuarantyFlg,developer.devOrgRegRegionCd,developer.devEmplMainFullNm,developer.developerGroupName,developer.orgForm.id,developer.orgForm.fullForm,developer.orgForm.shortForm,developer.companyGroupId,developer.objGuarantyEscrowFlg,developer.govFundFlg,quartography.objLivElem1KCnt,quartography.objLivElem2KCnt,quartography.objLivElem3KCnt,quartography.objLivElem4KCnt,quartography.objLivElemCnt,quartography.objLivElemEntrCnt,quartography.objLivElemEntrFloorAvg,transportDistIndex,transportDistIndexValue,nameObj
0,13391,28101,72,"г Тюмень, ул Профсоюзная",3,12,44,2022-12-31,Другое,По желанию заказчика,Есть,41,4297.44,72-000096,https://xn--80az8a.xn--d1aqf.xn--p1ai/api/ext/file/9489748b-49ad-42f3-9541-04ed9dbdb9e8,31-10-2022 13:33,57.1541,65.5595,1,0,Элитный,07-11-2022 01:19,"[{'objId': 13391, 'pdId': 28101, 'rpdId': 651029, 'devId': 306, 'ordNum': 1, 'objRenderPhotoSize': 310482, 'objRenderPhotoUrl': 'https://xn--80az8a.xn--d1aqf.xn--p1ai/api/ext/file/1eca0ffa-fb5f-4b30-a239-632c4c79ecd2', 'objRenderPhotoDttm': '19-08-2020 15:59', 'objRenderPhotoHiddenFlg': 0, 'objRenderPhotoNm': 'IMG_6313_2.JPG', 'objReadyDesc': 'Строится', 'objBuildTypeShortDesc': 'Жилое', 'knFlg': 1, 'loadDttm': '07-11-2022 01:03'}, {'objId': 13391, 'pdId': 28101, 'rpdId': 651029, 'devId': 306, 'ordNum': 2, 'objRenderPhotoSize': 1014913, 'objRenderPhotoUrl': 'https://xn--80az8a.xn--d1aqf.xn--p1ai/api/ext/file/a7d88189-046a-49bb-834a-d1745b751eec', 'objRenderPhotoDttm': '12-05-2021 16:55', 'objRenderPhotoHiddenFlg': 0, 'objRenderPhotoNm': 'IMG_20210512_094028.jpg', 'objReadyDesc': 'Строится', 'objBuildTypeShortDesc': 'Жилое', 'knFlg': 1, 'loadDttm': '07-11-2022 01:03'}, {'objId': 13391, 'pdId': 28101, 'rpdId': 651029, 'devId': 306, 'ordNum': 3, 'objRenderPhotoSize': 1034514, 'objRenderPhotoUrl': 'https://xn--80az8a.xn--d1aqf.xn--p1ai/api/ext/file/b62e21ec-606d-40a9-8859-39a6e163a3f0', 'objRenderPhotoDttm': '12-05-2021 16:55', 'objRenderPhotoHiddenFlg': 0, 'objRenderPhotoNm': 'IMG_20210512_0941051.jpg', 'objReadyDesc': 'Строится', 'objBuildTypeShortDesc': 'Жилое', 'knFlg': 1, 'loadDttm': '07-11-2022 01:03'}, {'objId': 13391, 'pdId': 28101, 'rpdId': 651029, 'devId': 306, 'ordNum': 4, 'objRenderPhotoSize': 1085274, 'objRenderPhotoUrl': 'https://xn--80az8a.xn--d1aqf.xn--p1ai/api/ext/file/81ceec28-f574-4b2c-a5d0-59bcfef0e332', 'objRenderPhotoDttm': '12-05-2021 16:55', 'objRenderPhotoHiddenFlg': 0, 'objRenderPhotoNm': 'IMG_20210512_0941072.jpg', 'objReadyDesc': 'Строится', 'objBuildTypeShortDesc': 'Жилое', 'knFlg': 1, 'loadDttm': '07-11-2022 01:03'}, {'objId': 13391, 'pdId': 28101, 'rpdId': 651029, 'devId': 306, 'ordNum': 5, 'objRenderPhotoSize': 1002935, 'objRenderPhotoUrl': 'https://xn--80az8a.xn--d1aqf.xn--p1ai/api/ext/file/95643167-b78b-4483-bd01-aa52b7515917', 'objRenderPhotoDttm': '12-05-2021 16:55', 'objRenderPhotoHiddenFlg': 0, 'objRenderPhotoNm': 'IMG_20210512_0941263.jpg', 'objReadyDesc': 'Строится', 'objBuildTypeShortDesc': 'Жилое', 'knFlg': 1, 'loadDttm': '07-11-2022 01:03'}, {'objId': 13391, 'pdId': 28101, 'rpdId': 651029, 'devId': 306, 'ordNum': 6, 'objRenderPhotoSize': 1095487, 'objRenderPhotoUrl': 'https://xn--80az8a.xn--d1aqf.xn--p1ai/api/ext/file/c6e3d62e-6586-4e95-b5d8-c451e705c529', 'objRenderPhotoDttm': '12-05-2021 16:55', 'objRenderPhotoHiddenFlg': 0, 'objRenderPhotoNm': 'IMG_20210512_0941284.jpg', 'objReadyDesc': 'Строится', 'objBuildTypeShortDesc': 'Жилое', 'knFlg': 1, 'loadDttm': '07-11-2022 01:03'}, {'objId': 13391, 'pdId': 28101, 'rpdId': 651029, 'devId': 306, 'ordNum': 7, 'objRenderPhotoSize': 1337567, 'objRenderPhotoUrl': 'https://xn--80az8a.xn--d1aqf.xn--p1ai/api/ext/file/af008ae4-ea45-430a-a87f-d7bb257d8abf', 'objRenderPhotoDttm': '12-05-2021 16:55', 'objRenderPhotoHiddenFlg': 0, 'objRenderPhotoNm': 'IMG_20210512_0943295.jpg', 'objReadyDesc': 'Строится', 'objBuildTypeShortDesc': 'Жилое', 'knFlg': 1, 'loadDttm': '07-11-2022 01:03'}, {'objId': 13391, 'pdId': 28101, 'rpdId': 651029, 'devId': 306, 'ordNum': 8, 'objRenderPhotoSize': 1597778, 'objRenderPhotoUrl': 'https://xn--80az8a.xn--d1aqf.xn--p1ai/api/ext/file/c4ae6be4-0f10-4d39-a8eb-5177a8d0100a', 'objRenderPhotoDttm': '12-05-2021 16:55', 'objRenderPhotoHiddenFlg': 0, 'objRenderPhotoNm': 'IMG_20210512_0943396.jpg', 'objReadyDesc': 'Строится', 'objBuildTypeShortDesc': 'Жилое', 'knFlg': 1, 'loadDttm': '07-11-2022 01:03'}, {'objId': 13391, 'pdId': 28101, 'rpdId': 651029, 'devId': 306, 'ordNum': 9, 'objRenderPhotoSize': 1451331, 'objRenderPhotoUrl': 'https://xn--80az8a.xn--d1aqf.xn--p1ai/api/ext/file/21bf93c1-e73f-4279-b24d-ec691f60df7f', 'objRenderPhotoDttm': '12-05-2021 16:55', 'objRenderPhotoHiddenFlg': 0, 'objRenderPhotoNm': 'IMG_20210512_0943597.jpg', 'objReadyDesc': 'Строится', 'objBuildTypeShortDesc': 'Жилое', 'knFlg': 1, 'loadDttm': '07-11-2022 01:03'}, {'objId': 13391, 'pdId': 28101, 'rpdId': 651029, 'devId': 306, 'ordNum': 10, 'objRenderPhotoSize': 1454350, 'objRenderPhotoUrl': 'https://xn--80az8a.xn--d1aqf.xn--p1ai/api/ext/file/90f5ba53-f778-4054-bebc-50b250f3bc05', 'objRenderPhotoDttm': '12-05-2021 16:55', 'objRenderPhotoHiddenFlg': 0, 'objRenderPhotoNm': 'IMG_20210512_0944008.jpg', 'objReadyDesc': 'Строится', 'objBuildTypeShortDesc': 'Жилое', 'knFlg': 1, 'loadDttm': '07-11-2022 01:03'}, {'objId': 13391, 'pdId': 28101, 'rpdId': 651029, 'devId': 306, 'ordNum': 11, 'objRenderPhotoSize': 1067769, 'objRenderPhotoUrl': 'https://xn--80az8a.xn--d1aqf.xn--p1ai/api/ext/file/3553f4ec-8d7e-4303-ba25-3ec6f03bfe39', 'objRenderPhotoDttm': '12-05-2021 16:55', 'objRenderPhotoHiddenFlg': 0, 'objRenderPhotoNm': 'IMG_20210512_0944249.jpg', 'objReadyDesc': 'Строится', 'objBuildTypeShortDesc': 'Жилое', 'knFlg': 1, 'loadDttm': '07-11-2022 01:03'}]",0,normal,https://xn--80az8a.xn--d1aqf.xn--p1ai/api/ext/file/09ff8156-bcbb-4033-a36a-dd45abd0b430,1,37219,12,44,4297.44,26,0,True,28-02-2023 12:00,"2,8",0,1,1,1,0,9,1,1,0,2,2,6,0.450621765516214,55893,ООО Транспромжилстрой-2005 (ИНН: 7204097730),1,[],False,info@2mengroup.ru,0,B,9,306,2МЕН ГРУПП,2МЕН ГРУПП,2МЕН ГРУПП,0,5,0,Тюменская область,+7(345)279-18-88,2mengroup.ru,info@2mengroup.ru,7701651356,1067746424899,720301001,"Тюменская область, город Тюмень, улица Комсомольская дом 75/5","Тюменская область, город Тюмень, улица Комсомольская 75/5",651034,1,72,Киселев Сергей Михайлович,2МЕН ГРУПП ДЕВЕЛОПМЕНТ,1,Акционерное общество,АО,5776.0,0,0,11.0,16.0,12.0,5.0,44.0,2.0,4.0,,,
1,13383,28105,72,г Тюмень,4,20,68,2022-12-31,Другое,По желанию заказчика,Есть,31,6293.78,72-000095,https://xn--80az8a.xn--d1aqf.xn--p1ai/api/ext/file/e3f64b6a-a7d3-4e4b-80df-7f0a40b7cf7a,31-10-2022 13:35,57.1519,65.5536,1,0,Элитный,07-11-2022 01:19,"[{'objId': 13383, 'pdId': 28105, 'rpdId': 651022, 'devId': 306, 'ordNum': 1, 'objRenderPhotoSize': 1433738, 'objRenderPhotoUrl': 'https://xn--80az8a.xn--d1aqf.xn--p1ai/api/ext/file/7c1ce108-aa51-45c2-acfa-3091f6bf7e54', 'objRenderPhotoDttm': '12-05-2021 16:56', 'objRenderPhotoHiddenFlg': 0, 'objRenderPhotoNm': 'IMG_20210512_093657.jpg', 'objReadyDesc': 'Строится', 'objBuildTypeShortDesc': 'Жилое', 'knFlg': 1, 'loadDttm': '07-11-2022 01:03'}, {'objId': 13383, 'pdId': 28105, 'rpdId': 651022, 'devId': 306, 'ordNum': 2, 'objRenderPhotoSize': 1304772, 'objRenderPhotoUrl': 'https://xn--80az8a.xn--d1aqf.xn--p1ai/api/ext/file/cf350104-3afa-40e8-86e1-212da5c99a9a', 'objRenderPhotoDttm': '12-05-2021 16:56', 'objRenderPhotoHiddenFlg': 0, 'objRenderPhotoNm': 'IMG_20210512_0937271.jpg', 'objReadyDesc': 'Строится', 'objBuildTypeShortDesc': 'Жилое', 'knFlg': 1, 'loadDttm': '07-11-2022 01:03'}, {'objId': 13383, 'pdId': 28105, 'rpdId': 651022, 'devId': 306, 'ordNum': 3, 'objRenderPhotoSize': 1351679, 'objRenderPhotoUrl': 'https://xn--80az8a.xn--d1aqf.xn--p1ai/api/ext/file/80422003-fc35-43f2-9174-de241b92bf1d', 'objRenderPhotoDttm': '12-05-2021 16:56', 'objRenderPhotoHiddenFlg': 0, 'objRenderPhotoNm': 'IMG_20210512_0938052.jpg', 'objReadyDesc': 'Строится', 'objBuildTypeShortDesc': 'Жилое', 'knFlg': 1, 'loadDttm': '07-11-2022 01:03'}, {'objId': 13383, 'pdId': 28105, 'rpdId': 651022, 'devId': 306, 'ordNum': 4, 'objRenderPhotoSize': 1472991, 'objRenderPhotoUrl': 'https://xn--80az8a.xn--d1aqf.xn--p1ai/api/ext/file/f70dc8e2-776f-4405-8f6f-d410c0061adf', 'objRenderPhotoDttm': '12-05-2021 16:56', 'objRenderPhotoHiddenFlg': 0, 'objRenderPhotoNm': 'IMG_20210512_0938223.jpg', 'objReadyDesc': 'Строится', 'objBuildTypeShortDesc': 'Жилое', 'knFlg': 1, 'loadDttm': '07-11-2022 01:03'}, {'objId': 13383, 'pdId': 28105, 'rpdId': 651022, 'devId': 306, 'ordNum': 5, 'objRenderPhotoSize': 1063993, 'objRenderPhotoUrl': 'https://xn--80az8a.xn--d1aqf.xn--p1ai/api/ext/file/ffd2a110-55a5-45c0-9bc1-61e146547df8', 'objRenderPhotoDttm': '12-05-2021 16:56', 'objRenderPhotoHiddenFlg': 0, 'objRenderPhotoNm': 'IMG_20210512_0940044.jpg', 'objReadyDesc': 'Строится', 'objBuildTypeShortDesc': 'Жилое', 'knFlg': 1, 'loadDttm': '07-11-2022 01:03'}, {'objId': 13383, 'pdId': 28105, 'rpdId': 651022, 'devId': 306, 'ordNum': 6, 'objRenderPhotoSize': 1034002, 'objRenderPhotoUrl': 'https://xn--80az8a.xn--d1aqf.xn--p1ai/api/ext/file/4c2881c9-a6da-4235-8faa-2f74c5970837', 'objRenderPhotoDttm': '12-05-2021 16:56', 'objRenderPhotoHiddenFlg': 0, 'objRenderPhotoNm': 'IMG_20210512_0940155.jpg', 'objReadyDesc': 'Строится', 'objBuildTypeShortDesc': 'Жилое', 'knFlg': 1, 'loadDttm': '07-11-2022 01:03'}, {'objId': 13383, 'pdId': 28105, 'rpdId': 651022, 'devId': 306, 'ordNum': 7, 'objRenderPhotoSize': 1169206, 'objRenderPhotoUrl': 'https://xn--80az8a.xn--d1aqf.xn--p1ai/api/ext/file/3c35f14c-f16c-46cc-a9a8-c3e828a514b0', 'objRenderPhotoDttm': '12-05-2021 16:56', 'objRenderPhotoHiddenFlg': 0, 'objRenderPhotoNm': 'IMG_20210512_0951216.jpg', 'objReadyDesc': 'Строится', 'objBuildTypeShortDesc': 'Жилое', 'knFlg': 1, 'loadDttm': '07-11-2022 01:03'}]",0,normal,https://xn--80az8a.xn--d1aqf.xn--p1ai/api/ext/file/0dca6482-02ba-4d56-a861-7a17db04c957,1,39024,20,68,6293.78,10,0,True,28-02-2023 12:00,"2,8",0,1,1,1,0,11,1,1,0,5,1,7,0.407163898325013,53109,ООО Транспромжилстрой-2005 (ИНН: 7204097730),1,[],False,info@2mengroup.ru,0,B,10,306,2МЕН ГРУПП,2МЕН ГРУПП,2МЕН ГРУПП,0,5,0,Тюменская область,+7(345)279-18-88,2mengroup.ru,info@2mengroup.ru,7701651356,1067746424899,720301001,"Тюменская область, город Тюмень, улица Комсомольская дом 75/5","Тюменская область, город Тюмень, улица Комсомольская 75/5",651034,1,72,Киселев Сергей Михайлович,2МЕН ГРУПП ДЕВЕЛОПМЕНТ,1,Акционерное общество,АО,5776.0,0,0,13.0,21.0,34.0,0.0,68.0,1.0,6.0,,,
2,13398,28141,72,"г Тюмень, ул Профсоюзная, д. 56",7,10,43,2024-12-31,Другое,Без отделки,Нет,0,4812.98,72-000097,https://xn--80az8a.xn--d1aqf.xn--p1ai/api/ext/file/68dd2a5a-5ed0-4735-a4c2-9243c901d3e1,31-10-2022 13:32,57.1519,65.5544,0,0,Элитный,07-11-2022 01:19,"[{'objId': 13398, 'pdId': 28141, 'rpdId': 651034, 'devId': 306, 'ordNum': 1, 'objRenderPhotoSize': 1325881, 'objRenderPhotoUrl': 'https://xn--80az8a.xn--d1aqf.xn--p1ai/api/ext/file/02b88db9-bdd0-4b77-b652-32578b277f6b', 'objRenderPhotoDttm': '12-05-2021 16:52', 'objRenderPhotoHiddenFlg': 0, 'objRenderPhotoNm': 'IMG_20210512_093624.jpg', 'objReadyDesc': 'Строится', 'objBuildTypeShortDesc': 'Жилое', 'knFlg': 1, 'loadDttm': '07-11-2022 01:03'}, {'objId': 13398, 'pdId': 28141, 'rpdId': 651034, 'devId': 306, 'ordNum': 2, 'objRenderPhotoSize': 1383679, 'objRenderPhotoUrl': 'https://xn--80az8a.xn--d1aqf.xn--p1ai/api/ext/file/bf3be0fd-4fbf-43e5-9fc8-878e2572c54b', 'objRenderPhotoDttm': '12-05-2021 16:52', 'objRenderPhotoHiddenFlg': 0, 'objRenderPhotoNm': 'IMG_20210512_0936261.jpg', 'objReadyDesc': 'Строится', 'objBuildTypeShortDesc': 'Жилое', 'knFlg': 1, 'loadDttm': '07-11-2022 01:03'}, {'objId': 13398, 'pdId': 28141, 'rpdId': 651034, 'devId': 306, 'ordNum': 3, 'objRenderPhotoSize': 101323, 'objRenderPhotoUrl': 'https://xn--80az8a.xn--d1aqf.xn--p1ai/api/ext/file/9dce7b87-2eec-4a1d-9c95-637915fde79f', 'objRenderPhotoDttm': '17-09-2021 14:54', 'objRenderPhotoHiddenFlg': 0, 'objRenderPhotoNm': 'IMG_8196.JPG', 'objReadyDesc': 'Строится', 'objBuildTypeShortDesc': 'Жилое', 'knFlg': 1, 'loadDttm': '07-11-2022 01:03'}, {'objId': 13398, 'pdId': 28141, 'rpdId': 651034, 'devId': 306, 'ordNum': 4, 'objRenderPhotoSize': 80019, 'objRenderPhotoUrl': 'https://xn--80az8a.xn--d1aqf.xn--p1ai/api/ext/file/547ca489-819a-4f0f-b0d5-0313a893bf02', 'objRenderPhotoDttm': '17-09-2021 14:54', 'objRenderPhotoHiddenFlg': 0, 'objRenderPhotoNm': 'IMG_81971.JPG', 'objReadyDesc': 'Строится', 'objBuildTypeShortDesc': 'Жилое', 'knFlg': 1, 'loadDttm': '07-11-2022 01:03'}, {'objId': 13398, 'pdId': 28141, 'rpdId': 651034, 'devId': 306, 'ordNum': 5, 'objRenderPhotoSize': 322146, 'objRenderPhotoUrl': 'https://xn--80az8a.xn--d1aqf.xn--p1ai/api/ext/file/5752d0b6-aeba-4914-877c-110ce07da450', 'objRenderPhotoDttm': '20-01-2022 10:36', 'objRenderPhotoHiddenFlg': 0, 'objRenderPhotoNm': 'IMG_8924.JPG', 'objReadyDesc': 'Строится', 'objBuildTypeShortDesc': 'Жилое', 'knFlg': 1, 'loadDttm': '07-11-2022 01:03'}]",0,normal,https://xn--80az8a.xn--d1aqf.xn--p1ai/api/ext/file/8444e255-8fdf-4ff6-81e1-658e1e075c23,1,37165,10,43,4812.98,48,0,True,28-02-2025 12:00,"2,96",0,1,1,1,4,15,1,1,0,3,3,6,1.0,47886,ООО Транспромжилстрой-2005 (ИНН: 7204097730),0,[],False,info@2mengroup.ru,0,B,10,306,2МЕН ГРУПП,2МЕН ГРУПП,2МЕН ГРУПП,0,5,0,Тюменская область,+7(345)279-18-88,2mengroup.ru,info@2mengroup.ru,7701651356,1067746424899,720301001,"Тюменская область, город Тюмень, улица Комсомольская дом 75/5","Тюменская область, город Тюмень, улица Комсомольская 75/5",651034,1,72,Киселев Сергей Михайлович,2МЕН ГРУПП ДЕВЕЛОПМЕНТ,1,Акционерное общество,АО,5776.0,0,0,0.0,11.0,19.0,13.0,43.0,3.0,3.0,,,
3,13397,28141,72,"г Тюмень, ул Профсоюзная, д. 56",6,12,65,2024-12-31,Другое,Без отделки,Нет,0,6248.51,72-000097,https://xn--80az8a.xn--d1aqf.xn--p1ai/api/ext/file/68dd2a5a-5ed0-4735-a4c2-9243c901d3e1,31-10-2022 13:32,57.1519,65.5544,0,0,Элитный,07-11-2022 01:19,"[{'objId': 13397, 'pdId': 28141, 'rpdId': 651034, 'devId': 306, 'ordNum': 1, 'objRenderPhotoSize': 1495964, 'objRenderPhotoUrl': 'https://xn--80az8a.xn--d1aqf.xn--p1ai/api/ext/file/3468baf9-f5b6-446b-a6b9-1b3147d72e28', 'objRenderPhotoDttm': '12-05-2021 16:54', 'objRenderPhotoHiddenFlg': 0, 'objRenderPhotoNm': 'IMG_20210512_094406.jpg', 'objReadyDesc': 'Строится', 'objBuildTypeShortDesc': 'Жилое', 'knFlg': 1, 'loadDttm': '07-11-2022 01:03'}, {'objId': 13397, 'pdId': 28141, 'rpdId': 651034, 'devId': 306, 'ordNum': 2, 'objRenderPhotoSize': 1079175, 'objRenderPhotoUrl': 'https://xn--80az8a.xn--d1aqf.xn--p1ai/api/ext/file/c602e57b-9ff4-4f95-8733-a507e50eaebe', 'objRenderPhotoDttm': '12-05-2021 16:54', 'objRenderPhotoHiddenFlg': 0, 'objRenderPhotoNm': 'IMG_20210512_094452.jpg', 'objReadyDesc': 'Строится', 'objBuildTypeShortDesc': 'Жилое', 'knFlg': 1, 'loadDttm': '07-11-2022 01:03'}, {'objId': 13397, 'pdId': 28141, 'rpdId': 651034, 'devId': 306, 'ordNum': 3, 'objRenderPhotoSize': 1222192, 'objRenderPhotoUrl': 'https://xn--80az8a.xn--d1aqf.xn--p1ai/api/ext/file/d6b9d8ea-1541-4526-9bb3-adb413f746bf', 'objRenderPhotoDttm': '12-05-2021 16:54', 'objRenderPhotoHiddenFlg': 0, 'objRenderPhotoNm': 'IMG_20210512_0948551.jpg', 'objReadyDesc': 'Строится', 'objBuildTypeShortDesc': 'Жилое', 'knFlg': 1, 'loadDttm': '07-11-2022 01:03'}, {'objId': 13397, 'pdId': 28141, 'rpdId': 651034, 'devId': 306, 'ordNum': 4, 'objRenderPhotoSize': 978388, 'objRenderPhotoUrl': 'https://xn--80az8a.xn--d1aqf.xn--p1ai/api/ext/file/8745e4bc-b106-4917-b0ab-cffc2ec20a2d', 'objRenderPhotoDttm': '12-05-2021 16:54', 'objRenderPhotoHiddenFlg': 0, 'objRenderPhotoNm': 'IMG_20210512_0949152.jpg', 'objReadyDesc': 'Строится', 'objBuildTypeShortDesc': 'Жилое', 'knFlg': 1, 'loadDttm': '07-11-2022 01:03'}]",0,normal,https://xn--80az8a.xn--d1aqf.xn--p1ai/api/ext/file/cb641b0a-8580-4cbd-9f0c-1dca386bdb97,1,37201,12,65,6248.51,70,0,True,28-02-2025 12:00,"2,96",0,1,1,1,11,10,1,1,0,5,4,9,0.99998399618469,45523,ООО Транспромжилстрой-2005 (ИНН: 7204097730),0,[],False,info@2mengroup.ru,0,B,10,306,2МЕН ГРУПП,2МЕН ГРУПП,2МЕН ГРУПП,0,5,0,Тюменская область,+7(345)279-18-88,2mengroup.ru,info@2mengroup.ru,7701651356,1067746424899,720301001,"Тюменская область, город Тюмень, улица Комсомольская дом 75/5","Тюменская область, город Тюмень, улица Комсомольская 75/5",651034,1,72,Киселев Сергей Михайлович,2МЕН ГРУПП ДЕВЕЛОПМЕНТ,1,Акционерное общество,АО,5776.0,0,0,0.0,24.0,35.0,6.0,65.0,4.0,3.0,,,
4,13399,28141,72,"г Тюмень, ул Профсоюзная, д. 56",1,1,0,2024-12-31,Другое,Без отделки,Нет,125,0.0,72-000097,https://xn--80az8a.xn--d1aqf.xn--p1ai/api/ext/file/68dd2a5a-5ed0-4735-a4c2-9243c901d3e1,31-10-2022 13:32,57.1519,65.5544,0,0,Элитный,07-11-2022 01:19,"[{'objId': 13399, 'pdId': 28141, 'rpdId': 651034, 'devId': 306, 'ordNum': 1, 'objRenderPhotoSize': 996519, 'objRenderPhotoUrl': 'https://xn--80az8a.xn--d1aqf.xn--p1ai/api/ext/file/0b989b49-d32a-40ea-8cd3-28d6d0b6cda9', 'objRenderPhotoDttm': '12-05-2021 16:51', 'objRenderPhotoHiddenFlg': 0, 'objRenderPhotoNm': 'IMG_20210512_095117.jpg', 'objReadyDesc': 'Строится', 'objBuildTypeShortDesc': 'Нежилое', 'knFlg': 0, 'loadDttm': '07-11-2022 01:03'}]",0,normal,https://xn--80az8a.xn--d1aqf.xn--p1ai/api/ext/file/6c612978-9eec-4571-a24d-90c40b806c66,0,34754,1,0,0.0,0,0,True,28-02-2025 12:00,,0,0,0,1,0,0,1,1,0,8,7,15,0.917242870424423,50768,ООО Транспромжилстрой-2005 (ИНН: 7204097730),1,[],False,info@2mengroup.ru,0,B,10,306,2МЕН ГРУПП,2МЕН ГРУПП,2МЕН ГРУПП,0,5,0,Тюменская область,+7(345)279-18-88,2mengroup.ru,info@2mengroup.ru,7701651356,1067746424899,720301001,"Тюменская область, город Тюмень, улица Комсомольская дом 75/5","Тюменская область, город Тюмень, улица Комсомольская 75/5",651034,1,72,Киселев Сергей Михайлович,2МЕН ГРУПП ДЕВЕЛОПМЕНТ,1,Акционерное общество,АО,5776.0,0,0,,,,,,,,,,
5,36912,337586,26,"г Ставрополь, ул Шпаковская, Доваторцев, д. 107, 38, блок-секция БС-1, БС-2, БС-3",2,10,104,2022-12-31,Монолит-кирпич,Под чистовую,Нет,42,8295.2,26-000567,https://xn--80az8a.xn--d1aqf.xn--p1ai/api/ext/file/c891abf7-78a6-4c1d-a244-b5d312e6f0dd,02-11-2022 13:05,45.02,41.9346,0,0,Комфорт,07-11-2022 01:19,"[{'objId': 36912, 'pdId': 337586, 'rpdId': 652461, 'devId': 10296, 'ordNum': 1, 'objRenderPhotoSize': 3018925, 'objRenderPhotoUrl': 'https://xn--80az8a.xn--d1aqf.xn--p1ai/api/ext/file/163a4483-4231-45b1-88ff-14013ee3a070', 'objRenderPhotoDttm': '21-09-2020 10:58', 'objRenderPhotoHiddenFlg': 0, 'objRenderPhotoNm': '-3D-Шпаковская-107-доваторцев-38_page-0003.jpg', 'objReadyDesc': 'Строится', 'objBuildTypeShortDesc': 'Жилое', 'knFlg': 1, 'loadDttm': '07-11-2022 01:03'}, {'objId': 36912, 'pdId': 337586, 'rpdId': 652461, 'devId': 10296, 'ordNum': 2, 'objRenderPhotoSize': 2712338, 'objRenderPhotoUrl': 'https://xn--80az8a.xn--d1aqf.xn--p1ai/api/ext/file/c691285b-029a-43b6-977a-db3d6c6ef05d', 'objRenderPhotoDttm': '21-09-2020 10:58', 'objRenderPhotoHiddenFlg': 0, 'objRenderPhotoNm': '-3D-Шпаковская-107-доваторцев-38_page-00041.jpg', 'objReadyDesc': 'Строится', 'objBuildTypeShortDesc': 'Жилое', 'knFlg': 1, 'loadDttm': '07-11-2022 01:03'}]",1,normal,https://xn--80az8a.xn--d1aqf.xn--p1ai/api/ext/file/6f480f77-4ff9-4ed2-9a4f-7990e926d7bc,1,117248,10,104,8295.2,10,0,True,31-12-2022 12:00,"2,85",0,1,0,1,20,0,1,1,0,3,0,0,0.577948693220176,61755,ООО Стройресурс (ИНН: 2634053119),1,[],False,sz.stroyresurs@yandex.ru,0,B,8,10296,CЗ СТРОЙРЕСУРС,CЗ СТРОЙРЕСУРС,CПЕЦИАЛИЗИРОВАННЫЙ ЗАСТРОЙЩИК СТРОЙРЕСУРС,0,1,0,Ставропольский край,+7(865)223-03-08,sz.stroyresurs126.ru,sz.stroyresurs@yandex.ru,2634049923,1022601933430,263501001,"Ставропольский край, г Ставрополь, пр-кт Кулакова дом 12Б офис 102","край Ставропольский, г Ставрополь, пр-кт Кулакова, д. 12Б, оф. 102",652461,0,26,Пономаренко Светлана Федоровна,,4,Общество с ограниченной ответственностью,ООО,,1,0,16.0,37.0,43.0,8.0,104.0,3.0,4.0,,,
6,44076,275899,52,"г Нижний Новгород, район Автозаводский, ш Южное, д. 43, литера А",6,6,0,2022-09-30,Монолит-кирпич,Без отделки,Есть,0,0.0,52-000758,https://xn--80az8a.xn--d1aqf.xn--p1ai/api/ext/file/56f5d326-8248-4a20-9827-003a13ac83d5,09-09-2022 13:22,56.2302,43.8707,0,0,Бизнес,07-11-2022 01:19,"[{'objId': 44076, 'pdId': 275899, 'rpdId': 619811, 'devId': 9115, 'ordNum': 1, 'objRenderPhotoSize': 447631, 'objRenderPhotoUrl': 'https://xn--80az8a.xn--d1aqf.xn--p1ai/api/ext/file/f5c1062a-0946-43b1-9287-802a4bc9712a', 'objRenderPhotoDttm': '14-12-2021 17:39', 'objRenderPhotoHiddenFlg': 0, 'objRenderPhotoNm': 'IMG_6079.JPG', 'objReadyDesc': 'Строится', 'objBuildTypeShortDesc': 'Нежилое', 'knFlg': 0, 'loadDttm': '07-11-2022 01:03'}, {'objId': 44076, 'pdId': 275899, 'rpdId': 619811, 'devId': 9115, 'ordNum': 2, 'objRenderPhotoSize': 303894, 'objRenderPhotoUrl': 'https://xn--80az8a.xn--d1aqf.xn--p1ai/api/ext/file/2c471093-c47d-4e82-a151-be440b1334d1', 'objRenderPhotoDttm': '14-12-2021 17:39', 'objRenderPhotoHiddenFlg': 0, 'objRenderPhotoNm': 'IMG_60771.JPG', 'objReadyDesc': 'Строится', 'objBuildTypeShortDesc': 'Нежилое', 'knFlg': 0, 'loadDttm': '07-11-2022 01:03'}, {'objId': 44076, 'pdId': 275899, 'rpdId': 619811, 'devId': 9115, 'ordNum': 3, 'objRenderPhotoSize': 366924, 'objRenderPhotoUrl': 'https://xn--80az8a.xn--d1aqf.xn--p1ai/api/ext/file/a686d15f-d1b3-4782-849c-dbe9243311c4', 'objRenderPhotoDttm': '14-12-2021 17:39', 'objRenderPhotoHiddenFlg': 0, 'objRenderPhotoNm': 'IMG_60782.JPG', 'objReadyDesc': 'Строится', 'objBuildTypeShortDesc': 'Нежилое', 'knFlg': 0, 'loadDttm': '07-11-2022 01:03'}, {'objId': 44076, 'pdId': 275899, 'rpdId': 619811, 'devId': 9115, 'ordNum': 4, 'objRenderPhotoSize': 326042, 'objRenderPhotoUrl': 'https://xn--80az8a.xn--d1aqf.xn--p1ai/api/ext/file/2f199314-d742-448b-a08c-f277f35e85d1', 'objRenderPhotoDttm': '14-12-2021 17:39', 'objRenderPhotoHiddenFlg': 0, 'objRenderPhotoNm': 'IMG_60763.JPG', 'objReadyDesc': 'Строится', 'objBuildTypeShortDesc': 'Нежилое', 'knFlg': 0, 'loadDttm': '07-11-2022 01:03'}, {'objId': 44076, 'pdId': 275899, 'rpdId': 619811, 'devId': 9115, 'ordNum': 5, 'objRenderPhotoSize': 328843, 'objRenderPhotoUrl': 'https://xn--80az8a.xn--d1aqf.xn--p1ai/api/ext/file/65517c2b-0eff-4391-a29e-bbb7ac13341d', 'objRenderPhotoDttm': '14-12-2021 17:39', 'objRenderPhotoHiddenFlg': 0, 'objRenderPhotoNm': 'IMG_60754.JPG', 'objReadyDesc': 'Строится', 'objBuildTypeShortDesc': 'Нежилое', 'knFlg': 0, 'loadDttm': '07-11-2022 01:03'}, {'objId': 44076, 'pdId': 275899, 'rpdId': 619811, 'devId': 9115, 'ordNum': 6, 'objRenderPhotoSize': 198047, 'objRenderPhotoUrl': 'https://xn--80az8a.xn--d1aqf.xn--p1ai/api/ext/file/45b95099-7e8a-419e-b9d5-3f193d036866', 'objRenderPhotoDttm': '30-06-2022 23:18', 'objRenderPhotoHiddenFlg': 0, 'objRenderPhotoNm': 'IMG_0239.JPG', 'objReadyDesc': 'Строится', 'objBuildTypeShortDesc': 'Нежилое', 'knFlg': 0, 'loadDttm': '07-11-2022 01:03'}, {'objId': 44076, 'pdId': 275899, 'rpdId': 619811, 'devId': 9115, 'ordNum': 7, 'objRenderPhotoSize': 222269, 'objRenderPhotoUrl': 'https://xn--80az8a.xn--d1aqf.xn--p1ai/api/ext/file/aea6c287-f112-49f0-96d6-87652e55c11a', 'objRenderPhotoDttm': '30-06-2022 23:18', 'objRenderPhotoHiddenFlg': 0, 'objRenderPhotoNm': 'IMG_02381.JPG', 'objReadyDesc': 'Строится', 'objBuildTypeShortDesc': 'Нежилое', 'knFlg': 0, 'loadDttm': '07-11-2022 01:03'}, {'objId': 44076, 'pdId': 275899, 'rpdId': 619811, 'devId': 9115, 'ordNum': 8, 'objRenderPhotoSize': 228675, 'objRenderPhotoUrl': 'https://xn--80az8a.xn--d1aqf.xn--p1ai/api/ext/file/0cd21bb0-bca1-40ee-bd55-54cbfe778e48', 'objRenderPhotoDttm': '30-06-2022 23:18', 'objRenderPhotoHiddenFlg': 0, 'objRenderPhotoNm': 'IMG_02362.JPG', 'objReadyDesc': 'Строится', 'objBuildTypeShortDesc': 'Нежилое', 'knFlg': 0, 'loadDttm': '07-11-2022 01:03'}, {'objId': 44076, 'pdId': 275899, 'rpdId': 619811, 'devId': 9115, 'ordNum': 9, 'objRenderPhotoSize': 233059, 'objRenderPhotoUrl': 'https://xn--80az8a.xn--d1aqf.xn--p1ai/api/ext/file/5dc5a5c4-a65d-42e2-8f9d-0d9a62c48c59', 'objRenderPhotoDttm': '30-06-2022 23:18', 'objRenderPhotoHiddenFlg': 0, 'objRenderPhotoNm': 'IMG_02373.JPG', 'objReadyDesc': 'Строится', 'objBuildTypeShortDesc': 'Нежилое', 'knFlg': 0, 'loadDttm': '07-11-2022 01:03'}, {'objId': 44076, 'pdId': 275899, 'rpdId': 619811, 'devId': 9115, 'ordNum': 10, 'objRenderPhotoSize': 228162, 'objRenderPhotoUrl': 'https://xn--80az8a.xn--d1aqf.xn--p1ai/api/ext/file/7d6acf60-afc7-426b-ac41-85da242b95b7', 'objRenderPhotoDttm': '30-06-2022 23:18', 'objRenderPhotoHiddenFlg': 0, 'objRenderPhotoNm': 'IMG_02354.JPG', 'objReadyDesc': 'Строится', 'objBuildTypeShortDesc': 'Нежилое', 'knFlg': 0, 'loadDttm': '07-11-2022 01:03'}, {'objId': 44076, 'pdId': 275899, 'rpdId': 619811, 'devId': 9115, 'ordNum': 11, 'objRenderPhotoSize': 211799, 'objRenderPhotoUrl': 'https://xn--80az8a.xn--d1aqf.xn--p1ai/api/ext/file/274b78cd-aa2d-4240-907c-360f96005551', 'objRenderPhotoDttm': '30-06-2022 23:18', 'objRenderPhotoHiddenFlg': 0, 'objRenderPhotoNm': 'IMG_02345.JPG', 'objReadyDesc': 'Строится', 'objBuildTypeShortDesc': 'Нежилое', 'knFlg': 0, 'loadDttm': '07-11-2022 01:03'}]",1,normal,https://xn--80az8a.xn--d1aqf.xn--p1ai/api/ext/file/98f4013a-34ed-4473-81a9-a7fa1687a391,0,124665,6,0,0.0,96,0,True,30-09-2022 12:00,,0,0,0,1,25,73,1,1,0,1,2,2,0.125090474089098,117136,ООО БорСтрой (ИНН: 5260373469),1,[],False,company21vek@list.ru,0,A,9,9115,XXI ВЕК СТРОЙ,XXI ВЕК СТРОЙ,XXI ВЕК СТРОЙ,0,1,0,Нижегородская область,+7(986)750-91-11,alatyr-tc.ru,company21vek@list.ru,5256059676,1065256031950,525601001,"Нижегородская область, город Нижний Новгород, улица Веденяпина дом 8А","Нижегородская область, город Нижний Новгород, улица Веденяпина 8А",619811,0,52,Гуряшин Дмитрий Александрович,,4,Общество с ограниченной ответственностью,ООО,,1,0,,,,,,,,1 / 10,1.0,
7,10891,23054,35,"г Вологда, ул Медуницинская, д. 7",16,16,225,2023-03-31,Панель,Без отделки,Есть,0,12847.23,35-000069,https://xn--80az8a.xn--d1aqf.xn--p1ai/api/ext/file/fa5e64f7-9a1c-429c-8abe-f64bc2621b64,01-11-2022 15:28,59.1985,39.858,1,0,Комфорт,07-11-2022 01:19,"[{'objId': 10891, 'pdId': 23054, 'rpdId': 649976, 'devId': 3006, 'ordNum': 1, 'objRenderPhotoSize': 997430, 'objRenderPhotoUrl': 'https://xn--80az8a.xn--d1aqf.xn--p1ai/api/ext/file/3ea64ecc-3ddf-4cd1-b8b4-d87b25cc5616', 'objRenderPhotoDttm': '15-11-2018 14:59', 'objRenderPhotoHiddenFlg': 0, 'objRenderPhotoNm': 'дом № 1 по гп_исходник.jpg', 'objReadyDesc': 'Строится', 'objBuildTypeShortDesc': 'Жилое', 'knFlg': 1, 'loadDttm': '07-11-2022 01:03'}]",0,normal,https://xn--80az8a.xn--d1aqf.xn--p1ai/api/ext/file/b351ac01-a6d6-4f2b-9b86-8d45152245da,1,6541,16,225,12847.23,3,0,True,01-09-2023 12:00,"2,7 - 3",0,1,1,1,0,0,0,1,0,3,0,3,0.906867861788105,44503,,0,[],False,vologdaagrostroy@yandex.ru,0,D,9,3006,ААК ВОЛОГДААГРОСТРОЙ,ААК ВОЛОГДААГРОСТРОЙ,АКЦИОНЕРНАЯ АГРОСТРОИТЕЛЬНАЯ КОМПАНИЯВОЛОГДААГРОСТРОЙ,0,1,5,Волгоградская область,+7(817)274-79-00,vologdaagrostroy.ru,vologdaagrostroy@yandex.ru,3525000888,1023500886386,352501001,"Волгоградская область, г Вологда, улица Галкинская дом 24","обл Вологодская, г Вологда, улица Галкинская, д. 24",649976,1,34,Корытин Владимир Николаевич,ВологдаАгрострой,1,Акционерное общество,АО,7368.0,0,0,82.0,101.0,41.0,1.0,225.0,3.0,5.0,,,"Жилой комплекс ""Рафинад"""
8,39176,435352,23,"г Краснодар, улица Валерия Гассия, д. 4/7, литера 4",25,25,198,2024-09-30,Другое,По желанию заказчика,Нет,0,11535.6,23-002272,https://xn--80az8a.xn--d1aqf.xn--p1ai/api/ext/file/65cb3f08-073e-4476-bc83-702cdace7b71,03-11-2022 10:12,44.9864,39.0701,0,0,Комфорт,07-11-2022 01:19,"[{'objId': 39176, 'pdId': 435352, 'rpdId': 652994, 'devId': 1146, 'ordNum': 1, 'objRenderPhotoSize': 800434, 'objRenderPhotoUrl': 'https://xn--80az8a.xn--d1aqf.xn--p1ai/api/ext/file/64fc9af9-db55-40bc-898e-11a4d9415e0b', 'objRenderPhotoDttm': '14-10-2021 17:41', 'objRenderPhotoHiddenFlg': 0, 'objRenderPhotoNm': 'RBN_Fresh_-_final02.jpg', 'objReadyDesc': 'Строится', 'objBuildTypeShortDesc': 'Жилое', 'knFlg': 1, 'loadDttm': '07-11-2022 01:03'}, {'objId': 39176, 'pdId': 435352, 'rpdId': 652994, 'devId': 1146, 'ordNum': 2, 'objRenderPhotoSize': 803024, 'objRenderPhotoUrl': 'https://xn--80az8a.xn--d1aqf.xn--p1ai/api/ext/file/5c739d34-a9aa-4ef8-bf17-a64b73045e28', 'objRenderPhotoDttm': '14-10-2021 17:41', 'objRenderPhotoHiddenFlg': 0, 'objRenderPhotoNm': 'RBN_Fresh_-_final02_21.jpg', 'objReadyDesc': 'Строится', 'objBuildTypeShortDesc': 'Жилое', 'knFlg': 1, 'loadDttm': '07-11-2022 01:03'}, {'objId': 39176, 'pdId': 435352, 'rpdId': 652994, 'devId': 1146, 'ordNum': 3, 'objRenderPhotoSize': 761263, 'objRenderPhotoUrl': 'https://xn--80az8a.xn--d1aqf.xn--p1ai/api/ext/file/969c9114-50cc-409d-91d6-9ce2bf7877d7', 'objRenderPhotoDttm': '14-10-2021 17:41', 'objRenderPhotoHiddenFlg': 0, 'objRenderPhotoNm': 'RBN_Fresh_-_final032.jpg', 'objReadyDesc': 'Строится', 'objBuildTypeShortDesc': 'Жилое', 'knFlg': 1, 'loadDttm': '07-11-2022 01:03'}, {'objId': 39176, 'pdId': 435352, 'rpdId': 652994, 'devId': 1146, 'ordNum': 4, 'objRenderPhotoSize': 765332, 'objRenderPhotoUrl': 'https://xn--80az8a.xn--d1aqf.xn--p1ai/api/ext/file/c79a0715-c464-42c8-9bf0-53fe367bbb52', 'objRenderPhotoDttm': '14-10-2021 17:41', 'objRenderPhotoHiddenFlg': 0, 'objRenderPhotoNm': 'RBN_Fresh_-_final03_23.jpg', 'objReadyDesc': 'Строится', 'objBuildTypeShortDesc': 'Жилое', 'knFlg': 1, 'loadDttm': '07-11-2022 01:03'}, {'objId': 39176, 'pdId': 435352, 'rpdId': 652994, 'devId': 1146, 'ordNum': 5, 'objRenderPhotoSize': 726023, 'objRenderPhotoUrl': 'https://xn--80az8a.xn--d1aqf.xn--p1ai/api/ext/file/9456cdaa-654b-4280-8494-a6c95fcdd9db', 'objRenderPhotoDttm': '14-10-2021 17:41', 'objRenderPhotoHiddenFlg': 0, 'objRenderPhotoNm': 'RBN_Fresh_-_final044.jpg', 'objReadyDesc': 'Строится', 'objBuildTypeShortDesc': 'Жилое', 'knFlg': 1, 'loadDttm': '07-11-2022 01:03'}, {'objId': 39176, 'pdId': 435352, 'rpdId': 652994, 'devId': 1146, 'ordNum': 6, 'objRenderPhotoSize': 730030, 'objRenderPhotoUrl': 'https://xn--80az8a.xn--d1aqf.xn--p1ai/api/ext/file/d51ad70c-13ff-4aa3-ad67-c29c604e2350', 'objRenderPhotoDttm': '14-10-2021 17:41', 'objRenderPhotoHiddenFlg': 0, 'objRenderPhotoNm': 'RBN_Fresh_-_final04_25.jpg', 'objReadyDesc': 'Строится', 'objBuildTypeShortDesc': 'Жилое', 'knFlg': 1, 'loadDttm': '07-11-2022 01:03'}, {'objId': 39176, 'pdId': 435352, 'rpdId': 652994, 'devId': 1146, 'ordNum': 7, 'objRenderPhotoSize': 816468, 'objRenderPhotoUrl': 'https://xn--80az8a.xn--d1aqf.xn--p1ai/api/ext/file/7139b90f-9d20-439d-a633-728e3571a1bb', 'objRenderPhotoDttm': '14-10-2021 17:41', 'objRenderPhotoHiddenFlg': 0, 'objRenderPhotoNm': 'RBN_Fresh_-_final056.jpg', 'objReadyDesc': 'Строится', 'objBuildTypeShortDesc': 'Жилое', 'knFlg': 1, 'loadDttm': '07-11-2022 01:03'}, {'objId': 39176, 'pdId': 435352, 'rpdId': 652994, 'devId': 1146, 'ordNum': 8, 'objRenderPhotoSize': 511116, 'objRenderPhotoUrl': 'https://xn--80az8a.xn--d1aqf.xn--p1ai/api/ext/file/8c41176f-4580-4933-908f-78856a6f4b0e', 'objRenderPhotoDttm': '14-10-2021 17:41', 'objRenderPhotoHiddenFlg': 0, 'objRenderPhotoNm': 'RBN_Fresh_-_final067.jpg', 'objReadyDesc': 'Строится', 'objBuildTypeShortDesc': 'Жилое', 'knFlg': 1, 'loadDttm': '07-11-2022 01:03'}, {'objId': 39176, 'pdId': 435352, 'rpdId': 652994, 'devId': 1146, 'ordNum': 9, 'objRenderPhotoSize': 550854, 'objRenderPhotoUrl': 'https://xn--80az8a.xn--d1aqf.xn--p1ai/api/ext/file/1abfb472-94bb-4be6-8ca4-867b733626b4', 'objRenderPhotoDttm': '14-10-2021 17:41', 'objRenderPhotoHiddenFlg': 0, 'objRenderPhotoNm': 'RBN_Fresh_-_final078.jpg', 'objReadyDesc': 'Строится', 'objBuildTypeShortDesc': 'Жилое', 'knFlg': 1, 'loadDttm': '07-11-2022 01:03'}, {'objId': 39176, 'pdId': 435352, 'rpdId': 652994, 'devId': 1146, 'ordNum': 10, 'objRenderPhotoSize': 523434, 'objRenderPhotoUrl': 'https://xn--80az8a.xn--d1aqf.xn--p1ai/api/ext/file/1f3a9c21-5564-4f28-9a6c-f2b59e1d854e', 'objRenderPhotoDttm': '14-10-2021 17:41', 'objRenderPhotoHiddenFlg': 0, 'objRenderPhotoNm': 'RBN_Fresh_-_final07_extra9.jpg', 'objReadyDesc': 'Строится', 'objBuildTypeShortDesc': 'Жилое', 'knFlg': 1, 'loadDttm': '07-11-2022 01:03'}, {'objId': 39176, 'pdId': 435352, 'rpdId': 652994, 'devId': 1146, 'ordNum': 11, 'objRenderPhotoSize': 626261, 'objRenderPhotoUrl': 'https://xn--80az8a.xn--d1aqf.xn--p1ai/api/ext/file/e993fa32-4542-4562-a80e-c66b5a7edf09', 'objRenderPhotoDttm': '14-10-2021 17:41', 'objRenderPhotoHiddenFlg': 0, 'objRenderPhotoNm': 'RBN_Fresh_-_final0810.jpg', 'objReadyDesc': 'Строится', 'objBuildTypeShortDesc': 'Жилое', 'knFlg': 1, 'loadDttm': '07-11-2022 01:03'}, {'objId': 39176, 'pdId': 435352, 'rpdId': 652994, 'devId': 1146, 'ordNum': 12, 'objRenderPhotoSize': 754549, 'objRenderPhotoUrl': 'https://xn--80az8a.xn--d1aqf.xn--p1ai/api/ext/file/4be61f2e-4a56-42c8-8d7e-25c460ee3822', 'objRenderPhotoDttm': '14-10-2021 17:41', 'objRenderPhotoHiddenFlg': 0, 'objRenderPhotoNm': 'RBN_Fresh_-_final09_extra11.jpg', 'objReadyDesc': 'Строится', 'objBuildTypeShortDesc': 'Жилое', 'knFlg': 1, 'loadDttm': '07-11-2022 01:03'}, {'objId': 39176, 'pdId': 435352, 'rpdId': 652994, 'devId': 1146, 'ordNum': 13, 'objRenderPhotoSize': 640812, 'objRenderPhotoUrl': 'https://xn--80az8a.xn--d1aqf.xn--p1ai/api/ext/file/988c1ca9-fbbf-4966-8fc8-a209ebf16b67', 'objRenderPhotoDttm': '14-10-2021 17:41', 'objRenderPhotoHiddenFlg': 0, 'objRenderPhotoNm': 'RBN_Fresh_-_final1012.jpg', 'objReadyDesc': 'Строится', 'objBuildTypeShortDesc': 'Жилое', 'knFlg': 1, 'loadDttm': '07-11-2022 01:03'}, {'objId': 39176, 'pdId': 435352, 'rpdId': 652994, 'devId': 1146, 'ordNum': 14, 'objRenderPhotoSize': 616401, 'objRenderPhotoUrl': 'https://xn--80az8a.xn--d1aqf.xn--p1ai/api/ext/file/4efa48f3-f6f4-4f2f-bfde-1520075fb92e', 'objRenderPhotoDttm': '14-10-2021 17:41', 'objRenderPhotoHiddenFlg': 0, 'objRenderPhotoNm': 'RBN_Fresh_-_final10_extra13.jpg', 'objReadyDesc': 'Строится', 'objBuildTypeShortDesc': 'Жилое', 'knFlg': 1, 'loadDttm': '07-11-2022 01:03'}, {'objId': 39176, 'pdId': 435352, 'rpdId': 652994, 'devId': 1146, 'ordNum': 15, 'objRenderPhotoSize': 679640, 'objRenderPhotoUrl': 'https://xn--80az8a.xn--d1aqf.xn--p1ai/api/ext/file/0a53d86a-3c35-4121-a235-19b22f38db1d', 'objRenderPhotoDttm': '14-10-2021 17:41', 'objRenderPhotoHiddenFlg': 0, 'objRenderPhotoNm': 'RBN_Fresh_-_final0114.jpg', 'objReadyDesc': 'Строится', 'objBuildTypeShortDesc': 'Жилое', 'knFlg': 1, 'loadDttm': '07-11-2022 01:03'}]",1,normal,https://xn--80az8a.xn--d1aqf.xn--p1ai/api/ext/file/1aea079a-b886-4072-a9a1-0d158c25b30e,1,119604,25,198,11535.6,20,0,True,31-03-2025 12:00,"2,72",0,5,5,3,106,0,1,1,5,3,0,1,0.54081278823815,103497,ООО ГРАНТ СТРОЙ (ИНН: 2312246941),1,[],True,info@ask-yug.com,0,B,5,1146,АВА ДЕВЕЛОПМЕНТ ПЛЮС,АВА ДЕВЕЛОПМЕНТ ПЛЮС,АВА ДЕВЕЛОПМЕНТ ПЛЮС,0,2,2,Краснодарский край,+7(800)222-10-10,www.ask-yug.com,elreg@ask-yug.com,2312266578,1172375095661,231201001,"Краснодарский край, город Краснодар, улица Бородинская дом 14 помещение 318",край Краснодарский город Краснодар улица Бородинская д. 14,652994,0,23,Самойленко Сергей Анатольевич,AVA Group,4,Общество с ограниченной ответственностью,ООО,6695.0,1,0,132.0,44.0,22.0,0.0,198.0,1.0,9.0,,,"ЖК ""FRESH"" (ЖК ""ФРЕШ"" литер 4)"
9,39175,435351,23,"г Краснодар, улица Валерия Гассия, д. 4/7, литера 3",25,25,396,2023-06-30,Другое,По желанию заказчика,Нет,0,21932.8,23-002271,https://xn--80az8a.xn--d1aqf.xn--p1ai/api/ext/file/7d4ff860-891b-4950-a26e-233cd66be33e,03-11-2022 10:07,44.9862,39.0702,0,0,Комфорт,07-11-2022 01:19,"[{'objId': 39175, 'pdId': 435351, 'rpdId': 652988, 'devId': 1146, 'ordNum': 1, 'objRenderPhotoSize': 800434, 'objRenderPhotoUrl': 'https://xn--80az8a.xn--d1aqf.xn--p1ai/api/ext/file/cf684caf-8e48-409b-abc8-7197e9146ef5', 'objRenderPhotoDttm': '14-10-2021 17:40', 'objRenderPhotoHiddenFlg': 0, 'objRenderPhotoNm': 'RBN_Fresh_-_final02.jpg', 'objReadyDesc': 'Строится', 'objBuildTypeShortDesc': 'Жилое', 'knFlg': 1, 'loadDttm': '07-11-2022 01:03'}, {'objId': 39175, 'pdId': 435351, 'rpdId': 652988, 'devId': 1146, 'ordNum': 2, 'objRenderPhotoSize': 803024, 'objRenderPhotoUrl': 'https://xn--80az8a.xn--d1aqf.xn--p1ai/api/ext/file/dcd4b17a-e1e6-4041-85a4-e3f34b15ae49', 'objRenderPhotoDttm': '14-10-2021 17:40', 'objRenderPhotoHiddenFlg': 0, 'objRenderPhotoNm': 'RBN_Fresh_-_final02_21.jpg', 'objReadyDesc': 'Строится', 'objBuildTypeShortDesc': 'Жилое', 'knFlg': 1, 'loadDttm': '07-11-2022 01:03'}, {'objId': 39175, 'pdId': 435351, 'rpdId': 652988, 'devId': 1146, 'ordNum': 3, 'objRenderPhotoSize': 761263, 'objRenderPhotoUrl': 'https://xn--80az8a.xn--d1aqf.xn--p1ai/api/ext/file/cd351706-5361-40cf-be75-ec387aeaa4cb', 'objRenderPhotoDttm': '14-10-2021 17:40', 'objRenderPhotoHiddenFlg': 0, 'objRenderPhotoNm': 'RBN_Fresh_-_final032.jpg', 'objReadyDesc': 'Строится', 'objBuildTypeShortDesc': 'Жилое', 'knFlg': 1, 'loadDttm': '07-11-2022 01:03'}, {'objId': 39175, 'pdId': 435351, 'rpdId': 652988, 'devId': 1146, 'ordNum': 4, 'objRenderPhotoSize': 765332, 'objRenderPhotoUrl': 'https://xn--80az8a.xn--d1aqf.xn--p1ai/api/ext/file/94be5857-4d6b-404c-987a-01e57078c56c', 'objRenderPhotoDttm': '14-10-2021 17:40', 'objRenderPhotoHiddenFlg': 0, 'objRenderPhotoNm': 'RBN_Fresh_-_final03_23.jpg', 'objReadyDesc': 'Строится', 'objBuildTypeShortDesc': 'Жилое', 'knFlg': 1, 'loadDttm': '07-11-2022 01:03'}, {'objId': 39175, 'pdId': 435351, 'rpdId': 652988, 'devId': 1146, 'ordNum': 5, 'objRenderPhotoSize': 726023, 'objRenderPhotoUrl': 'https://xn--80az8a.xn--d1aqf.xn--p1ai/api/ext/file/081920e4-f7d1-4dce-97c1-be759a0369e9', 'objRenderPhotoDttm': '14-10-2021 17:40', 'objRenderPhotoHiddenFlg': 0, 'objRenderPhotoNm': 'RBN_Fresh_-_final044.jpg', 'objReadyDesc': 'Строится', 'objBuildTypeShortDesc': 'Жилое', 'knFlg': 1, 'loadDttm': '07-11-2022 01:03'}, {'objId': 39175, 'pdId': 435351, 'rpdId': 652988, 'devId': 1146, 'ordNum': 6, 'objRenderPhotoSize': 730030, 'objRenderPhotoUrl': 'https://xn--80az8a.xn--d1aqf.xn--p1ai/api/ext/file/e96f0f7b-5c86-4160-afd5-0d57e3203898', 'objRenderPhotoDttm': '14-10-2021 17:40', 'objRenderPhotoHiddenFlg': 0, 'objRenderPhotoNm': 'RBN_Fresh_-_final04_25.jpg', 'objReadyDesc': 'Строится', 'objBuildTypeShortDesc': 'Жилое', 'knFlg': 1, 'loadDttm': '07-11-2022 01:03'}, {'objId': 39175, 'pdId': 435351, 'rpdId': 652988, 'devId': 1146, 'ordNum': 7, 'objRenderPhotoSize': 816468, 'objRenderPhotoUrl': 'https://xn--80az8a.xn--d1aqf.xn--p1ai/api/ext/file/810ed81e-7b99-4dd5-a21e-064aa7de6740', 'objRenderPhotoDttm': '14-10-2021 17:40', 'objRenderPhotoHiddenFlg': 0, 'objRenderPhotoNm': 'RBN_Fresh_-_final056.jpg', 'objReadyDesc': 'Строится', 'objBuildTypeShortDesc': 'Жилое', 'knFlg': 1, 'loadDttm': '07-11-2022 01:03'}, {'objId': 39175, 'pdId': 435351, 'rpdId': 652988, 'devId': 1146, 'ordNum': 8, 'objRenderPhotoSize': 511116, 'objRenderPhotoUrl': 'https://xn--80az8a.xn--d1aqf.xn--p1ai/api/ext/file/daafedd2-f03a-4d9d-89ce-a6163ee2d612', 'objRenderPhotoDttm': '14-10-2021 17:40', 'objRenderPhotoHiddenFlg': 0, 'objRenderPhotoNm': 'RBN_Fresh_-_final067.jpg', 'objReadyDesc': 'Строится', 'objBuildTypeShortDesc': 'Жилое', 'knFlg': 1, 'loadDttm': '07-11-2022 01:03'}, {'objId': 39175, 'pdId': 435351, 'rpdId': 652988, 'devId': 1146, 'ordNum': 9, 'objRenderPhotoSize': 550854, 'objRenderPhotoUrl': 'https://xn--80az8a.xn--d1aqf.xn--p1ai/api/ext/file/b08a52dc-d8cd-41ae-961f-e7d2f2163145', 'objRenderPhotoDttm': '14-10-2021 17:40', 'objRenderPhotoHiddenFlg': 0, 'objRenderPhotoNm': 'RBN_Fresh_-_final078.jpg', 'objReadyDesc': 'Строится', 'objBuildTypeShortDesc': 'Жилое', 'knFlg': 1, 'loadDttm': '07-11-2022 01:03'}, {'objId': 39175, 'pdId': 435351, 'rpdId': 652988, 'devId': 1146, 'ordNum': 10, 'objRenderPhotoSize': 523434, 'objRenderPhotoUrl': 'https://xn--80az8a.xn--d1aqf.xn--p1ai/api/ext/file/9496cd96-d0f2-4388-9b81-d6d5a828656d', 'objRenderPhotoDttm': '14-10-2021 17:40', 'objRenderPhotoHiddenFlg': 0, 'objRenderPhotoNm': 'RBN_Fresh_-_final07_extra9.jpg', 'objReadyDesc': 'Строится', 'objBuildTypeShortDesc': 'Жилое', 'knFlg': 1, 'loadDttm': '07-11-2022 01:03'}, {'objId': 39175, 'pdId': 435351, 'rpdId': 652988, 'devId': 1146, 'ordNum': 11, 'objRenderPhotoSize': 626261, 'objRenderPhotoUrl': 'https://xn--80az8a.xn--d1aqf.xn--p1ai/api/ext/file/c9b079b6-7ae1-403e-9591-d44510f3e654', 'objRenderPhotoDttm': '14-10-2021 17:40', 'objRenderPhotoHiddenFlg': 0, 'objRenderPhotoNm': 'RBN_Fresh_-_final0810.jpg', 'objReadyDesc': 'Строится', 'objBuildTypeShortDesc': 'Жилое', 'knFlg': 1, 'loadDttm': '07-11-2022 01:03'}, {'objId': 39175, 'pdId': 435351, 'rpdId': 652988, 'devId': 1146, 'ordNum': 12, 'objRenderPhotoSize': 754549, 'objRenderPhotoUrl': 'https://xn--80az8a.xn--d1aqf.xn--p1ai/api/ext/file/81148187-9ee2-4819-a802-644f29a30eb4', 'objRenderPhotoDttm': '14-10-2021 17:40', 'objRenderPhotoHiddenFlg': 0, 'objRenderPhotoNm': 'RBN_Fresh_-_final09_extra11.jpg', 'objReadyDesc': 'Строится', 'objBuildTypeShortDesc': 'Жилое', 'knFlg': 1, 'loadDttm': '07-11-2022 01:03'}, {'objId': 39175, 'pdId': 435351, 'rpdId': 652988, 'devId': 1146, 'ordNum': 13, 'objRenderPhotoSize': 640812, 'objRenderPhotoUrl': 'https://xn--80az8a.xn--d1aqf.xn--p1ai/api/ext/file/741477ba-a25c-425a-b73a-0e4f73268856', 'objRenderPhotoDttm': '14-10-2021 17:40', 'objRenderPhotoHiddenFlg': 0, 'objRenderPhotoNm': 'RBN_Fresh_-_final1012.jpg', 'objReadyDesc': 'Строится', 'objBuildTypeShortDesc': 'Жилое', 'knFlg': 1, 'loadDttm': '07-11-2022 01:03'}, {'objId': 39175, 'pdId': 435351, 'rpdId': 652988, 'devId': 1146, 'ordNum': 14, 'objRenderPhotoSize': 616401, 'objRenderPhotoUrl': 'https://xn--80az8a.xn--d1aqf.xn--p1ai/api/ext/file/9581c12c-86f3-4671-8e5d-56dbab183152', 'objRenderPhotoDttm': '14-10-2021 17:40', 'objRenderPhotoHiddenFlg': 0, 'objRenderPhotoNm': 'RBN_Fresh_-_final10_extra13.jpg', 'objReadyDesc': 'Строится', 'objBuildTypeShortDesc': 'Жилое', 'knFlg': 1, 'loadDttm': '07-11-2022 01:03'}, {'objId': 39175, 'pdId': 435351, 'rpdId': 652988, 'devId': 1146, 'ordNum': 15, 'objRenderPhotoSize': 679640, 'objRenderPhotoUrl': 'https://xn--80az8a.xn--d1aqf.xn--p1ai/api/ext/file/bdd112bf-31ac-482e-9dc0-33c8f92764d8', 'objRenderPhotoDttm': '14-10-2021 17:40', 'objRenderPhotoHiddenFlg': 0, 'objRenderPhotoNm': 'RBN_Fresh_-_final0114.jpg', 'objReadyDesc': 'Строится', 'objBuildTypeShortDesc': 'Жилое', 'knFlg': 1, 'loadDttm': '07-11-2022 01:03'}]",1,normal,https://xn--80az8a.xn--d1aqf.xn--p1ai/api/ext/file/ec4dda9f-45d5-49b1-88a7-a80e5904bf2e,1,119603,25,396,21932.8,30,0,True,31-12-2023 12:00,"2,72",0,5,5,3,106,0,1,1,8,6,0,2,0.536329150860811,102945,ООО ГРАНТ СТРОЙ (ИНН: 2312246941),1,[],True,info@ask-yug.com,0,B,5,1146,АВА ДЕВЕЛОПМЕНТ ПЛЮС,АВА ДЕВЕЛОПМЕНТ ПЛЮС,АВА ДЕВЕЛОПМЕНТ ПЛЮС,0,2,2,Краснодарский край,+7(800)222-10-10,www.ask-yug.com,elreg@ask-yug.com,2312266578,1172375095661,231201001,"Краснодарский край, город Краснодар, улица Бородинская дом 14 помещение 318",край Краснодарский город Краснодар улица Бородинская д. 14,652994,0,23,Самойленко Сергей Анатольевич,AVA Group,4,Общество с ограниченной ответственностью,ООО,6695.0,1,0,220.0,132.0,44.0,0.0,396.0,2.0,9.0,,,"ЖК ""FRESH"" (ЖК ""ФРЕШ"" литер 3)"
